{
    "version": 1,
    "request": {
        "url": "https://api.collegefootballdata.com/games",
        "method": "GET",
        "authorization": {
            "type": "Bearer"
        },
        "params": {
           "year": true,
           "week" : false,
           "seasonType" : false,
           "division":false 
        }
    },    
    "response": {
        "ctype": "application/json",
        "tablePath": "$.[*]",
        "schema": {
            "id": {
                "target": "$.id",
                "type": "int"
            },
            "season": {
                "target": "$.season",
                "type": "int"
            },
            "week": {
                "target": "$.week",
                "type": "int"
            },
            "season_type": {
              "target": "$.season_type",
              "type" : "string"
            },
            "start_date": {
              "target": "$.start_date",
              "type" : "string"
            },
            "venue": {
              "target": "$.venue",
              "type" : "string"
            },
            "home_id": {
              "target": "$.home_id",
              "type" : "int"
            },
            "home_team": {
              "target": "$.home_team",
              "type" : "string"
            },
            "home_points": {
              "target": "$.home_points",
              "type" : "int"
            },
            "away_id": {
              "target": "$.away_id",
              "type" : "int"
            },
            "away_team": {
              "target": "$.away_team",
              "type" : "string"
            },
            "away_points": {
              "target": "$.away_points",
              "type" : "int"
            }
        },
        "orient": "records"
    
    }
}
